Circule,Area,18039.555582934358,Perimeter,476.1215613406782,Centroidx,490.064,Centroidy,36.3991
Equilateral Triangle,Area,3670.7503321634913,Perimeter,276.21569999999997,Centroidx,225.015,Centroidy,265.596
Equilateral Triangle,Area,989.2033039217681,Perimeter,143.38830000000002,Centroidx,130.116,Centroidy,252.153
Polygon,Area,41810.5961642,Perimeter,971.2385999634557,Centroidx,262.32704945989326,Centroidy,202.21658011677857
Equilateral Triangle,Area,176.3018507688071,Perimeter,60.534000000000006,Centroidx,431.063,Centroidy,37.5185
Square,Area,2.7310537081,Perimeter,6.61036,Centroidx,174.317,Centroidy,270.922
Ellipse,Area,433.6366071844267,Perimeter,92.50795196996498,Centroidx,161.34,Centroidy,140.239
Circule,Area,21315.70023336433,Perimeter,517.5528852562204,Centroidx,254.134,Centroidy,439.289
Ellipse,Area,715.492383103361,Perimeter,154.66709785520365,Centroidx,179.439,Centroidy,462.482
Square,Area,373.99305320999997,Perimeter,77.3556,Centroidx,7.70121,Centroidy,111.92
Square,Area,4103.811721000001,Perimeter,256.244,Centroidx,243.771,Centroidy,37.9366
Equilateral Triangle,Area,291.7446748512344,Perimeter,77.8704,Centroidx,86.8139,Centroidy,278.335
Circule,Area,13222.430979790055,Perimeter,407.6247883959293,Centroidx,43.9437,Centroidy,199.019
Circule,Area,29827.40760843978,Perimeter,612.2272931462717,Centroidx,476.976,Centroidy,341.994
Equilateral Triangle,Area,2225.338019870254,Perimeter,215.06459999999998,Centroidx,278.503,Centroidy,122.108
Circule,Area,2675.419478703476,Perimeter,183.35842690823756,Centroidx,8.91554,Centroidy,7.6538
Equilateral Triangle,Area,1886.1633192810289,Perimeter,197.99790000000002,Centroidx,346.59,Centroidy,403.456
Equilateral Triangle,Area,789.4929375884498,Perimeter,128.09879999999998,Centroidx,205.133,Centroidy,162.349
Polygon,Area,151394.73092748996,Perimeter,1587.369534317144,Centroidx,236.8981180099624,Centroidy,216.35872934032176
Polygon,Area,117991.621211665,Perimeter,1355.0214696855858,Centroidx,255.70430371300404,Centroidy,237.1997105621462
Polygon,Area,106215.38893535003,Perimeter,1277.771357314031,Centroidx,291.3084387978488,Centroidy,236.14819987948192
Square,Area,4240.718592640001,Perimeter,260.4832,Centroidx,75.5525,Centroidy,458.609
Equilateral Triangle,Area,160.68340661330893,Perimeter,57.7905,Centroidx,180.233,Centroidy,275.584
Polygon,Area,160075.64178580997,Perimeter,1599.3939649051044,Centroidx,242.23387214561367,Centroidy,234.58529426270007
Polygon,Area,164387.68529314,Perimeter,1534.7981294742426,Centroidx,264.72179009756167,Centroidy,261.19769196784307
Circule,Area,2164.1104945520183,Perimeter,164.90910989076613,Centroidx,302.63,Centroidy,181.149
Equilateral Triangle,Area,2836.676859852806,Perimeter,242.8152,Centroidx,206.127,Centroidy,22.5172
Equilateral Triangle,Area,3911.3464546568134,Perimeter,285.1242,Centroidx,375.935,Centroidy,390.839
Square,Area,9008.933157160001,Perimeter,379.6616,Centroidx,310.741,Centroidy,291.759
Ellipse,Area,207.22196028154318,Perimeter,52.71415233292701,Centroidx,358.856,Centroidy,86.1241
Polygon,Area,118260.04896234999,Perimeter,1320.6643891860704,Centroidx,281.1164034834534,Centroidy,215.3596895731679
Polygon,Area,136325.66055107,Perimeter,1429.6659949318484,Centroidx,270.66068016403824,Centroidy,276.7055955757077
Ellipse,Area,2712.6559313066364,Perimeter,186.3347886037004,Centroidx,205.762,Centroidy,381.666
Ellipse,Area,3772.455084592182,Perimeter,231.65995658716164,Centroidx,210.564,Centroidy,371.34
Polygon,Area,149428.2087749565,Perimeter,1503.034703724249,Centroidx,277.6016868854757,Centroidy,215.87412919448073
Equilateral Triangle,Area,2988.403558175741,Perimeter,249.2244,Centroidx,351.629,Centroidy,176.996
Square,Area,2336.9296272399997,Perimeter,193.3672,Centroidx,260.728,Centroidy,331.754
Ellipse,Area,2350.357524924709,Perimeter,201.57904659470077,Centroidx,365.48,Centroidy,62.8667
Polygon,Area,137930.41793583,Perimeter,1458.2478317967648,Centroidx,239.33820636029407,Centroidy,276.27809796036524
Polygon,Area,151294.86890375003,Perimeter,1495.4214216982605,Centroidx,256.3686576551303,Centroidy,252.00515148021452
Equilateral Triangle,Area,1193.0320937916983,Perimeter,157.4697,Centroidx,227.11,Centroidy,338.224
Equilateral Triangle,Area,3706.046458704842,Perimeter,277.54049999999995,Centroidx,267.253,Centroidy,398.188
Ellipse,Area,1220.3382313916359,Perimeter,143.52081405734384,Centroidx,370.994,Centroidy,40.8185
Equilateral Triangle,Area,0.03852787998431525,Perimeter,0.8948670000000001,Centroidx,483.403,Centroidy,398.981
Circule,Area,28805.807270295587,Perimeter,601.651435637227,Centroidx,143.116,Centroidy,322.336
Equilateral Triangle,Area,2652.1635418291994,Perimeter,234.78539999999998,Centroidx,68.1728,Centroidy,157.98
Circule,Area,14071.222288628007,Perimeter,420.5046899571167,Centroidx,283.424,Centroidy,456.875
Polygon,Area,99741.47167107,Perimeter,1275.6547673928583,Centroidx,233.5900534855017,Centroidy,245.8390134649196
Polygon,Area,117843.77146307049,Perimeter,1465.1607591657157,Centroidx,176.64964870086746,Centroidy,202.9486857049819
Ellipse,Area,1133.1861493668184,Perimeter,130.5652085269845,Centroidx,247.938,Centroidy,27.6851
Square,Area,4097.6001562500005,Perimeter,256.05,Centroidx,380.745,Centroidy,211.543
Ellipse,Area,1131.9245271790357,Perimeter,179.5975893963629,Centroidx,431.636,Centroidy,431.574
Circule,Area,69.54817575259882,Perimeter,29.562952356957602,Centroidx,338.602,Centroidy,449.992
Equilateral Triangle,Area,295.1466534547204,Perimeter,78.32310000000001,Centroidx,33.3188,Centroidy,363.087
Equilateral Triangle,Area,3603.5951785910843,Perimeter,273.67740000000003,Centroidx,37.3402,Centroidy,160.616
Ellipse,Area,3024.06385538464,Perimeter,194.94469838564612,Centroidx,321.473,Centroidy,24.3775
Equilateral Triangle,Area,3424.769955226391,Perimeter,266.8005,Centroidx,84.0361,Centroidy,66.3385
Square,Area,37.7386605124,Perimeter,24.57272,Centroidx,152.693,Centroidy,170.563
Equilateral Triangle,Area,3456.9542988893486,Perimeter,268.0512,Centroidx,397.923,Centroidy,358.925
Square,Area,5257.830618810001,Perimeter,290.0436,Centroidx,435.522,Centroidy,281.959
Square,Area,2917.39336641,Perimeter,216.0516,Centroidx,39.5675,Centroidy,463.252
Equilateral Triangle,Area,554.0490688416706,Perimeter,107.31120000000001,Centroidx,354.522,Centroidy,188.041
Equilateral Triangle,Area,3086.2013402383577,Perimeter,253.26959999999997,Centroidx,281.71,Centroidy,271.288
Polygon,Area,102137.94911853,Perimeter,1283.2405613578314,Centroidx,210.7722387089881,Centroidy,229.34927057613112
Circule,Area,24.609682845593337,Perimeter,17.585630365146514,Centroidx,291.881,Centroidy,206.893
Circule,Area,9589.630209843735,Perimeter,347.14096167342643,Centroidx,121.205,Centroidy,4.85909
Circule,Area,5505.043696155337,Perimeter,263.0179068697218,Centroidx,285.85,Centroidy,403.815
Square,Area,1980.784036,Perimeter,178.024,Centroidx,15.0482,Centroidy,169.104
Ellipse,Area,2680.7212295546124,Perimeter,214.89947081050713,Centroidx,130.964,Centroidy,237.777
Ellipse,Area,434.8453623714329,Perimeter,176.50240042555833,Centroidx,92.9278,Centroidy,446.848
Ellipse,Area,577.7290090004266,Perimeter,139.76950326897526,Centroidx,164.977,Centroidy,200.057
Ellipse,Area,1982.745618480696,Perimeter,195.21007826511092,Centroidx,1.7139,Centroidy,383.353
Circule,Area,21166.80243013168,Perimeter,515.7420712506912,Centroidx,321.122,Centroidy,377.709
Equilateral Triangle,Area,1423.369139008044,Perimeter,172.0005,Centroidx,377.123,Centroidy,237.303
Equilateral Triangle,Area,523.9678346987004,Perimeter,104.35740000000001,Centroidx,323.976,Centroidy,290.66
Equilateral Triangle,Area,2343.2610888038876,Perimeter,220.6893,Centroidx,235.214,Centroidy,482.131
Square,Area,3142.18544704,Perimeter,224.2208,Centroidx,484.783,Centroidy,217.52
Circule,Area,228.86228198026268,Perimeter,53.62805473827999,Centroidx,491.723,Centroidy,330.057
Circule,Area,4495.01048539177,Perimeter,237.66776742937503,Centroidx,450.162,Centroidy,378.538
Circule,Area,22844.203113099193,Perimeter,535.7879456547171,Centroidx,380.696,Centroidy,391.393
Square,Area,5120.804976039999,Perimeter,286.2392,Centroidx,393.994,Centroidy,260.077
Polygon,Area,155989.0057163,Perimeter,1505.0617587532383,Centroidx,279.8370729751399,Centroidy,239.17122558885646
Equilateral Triangle,Area,2970.480263964717,Perimeter,248.4759,Centroidx,169.95,Centroidy,204.524
Circule,Area,2980.124342767918,Perimeter,193.51833754994695,Centroidx,173.793,Centroidy,249.341
Square,Area,53.141475632399995,Perimeter,29.15928,Centroidx,335.719,Centroidy,90.0439
Polygon,Area,122769.13583302,Perimeter,1463.7366535916044,Centroidx,248.89625868638538,Centroidy,268.0530462518715
Equilateral Triangle,Area,14.122341373538081,Perimeter,17.132640000000002,Centroidx,354.108,Centroidy,101.936
Equilateral Triangle,Area,1211.2889909648736,Perimeter,158.67000000000002,Centroidx,431.005,Centroidy,365.301
Equilateral Triangle,Area,1206.264923003372,Perimeter,158.3406,Centroidx,386.068,Centroidy,319.077
Polygon,Area,148036.85703026498,Perimeter,1478.1483366574973,Centroidx,243.14395517149245,Centroidy,290.23546472587316
Ellipse,Area,5381.404299711094,Perimeter,260.0828711598964,Centroidx,363.458,Centroidy,364.548
Polygon,Area,11552.765428000013,Perimeter,814.3193298532194,Centroidx,259.07700000000006,Centroidy,216.6759333333333
Ellipse,Area,5190.312018760451,Perimeter,255.51900487908947,Centroidx,151.442,Centroidy,424.782
Ellipse,Area,184.3047223362912,Perimeter,59.7089467648056,Centroidx,29.4836,Centroidy,160.908
Polygon,Area,118260.48571657999,Perimeter,1390.525182445733,Centroidx,199.41400272732318,Centroidy,226.58884640836138
Circule,Area,7482.342304363162,Perimeter,306.6364075906932,Centroidx,449.61,Centroidy,47.6615
Circule,Area,19370.57594513376,Perimeter,493.373931557132,Centroidx,90.7461,Centroidy,137.382
Ellipse,Area,1514.7987112834883,Perimeter,143.0616341995444,Centroidx,274.12,Centroidy,245.758
Equilateral Triangle,Area,62.12748261180601,Perimeter,35.934599999999996,Centroidx,98.1598,Centroidy,354.26
Polygon,Area,3265.6485222599977,Perimeter,668.8979758532482,Centroidx,112.0263466666668,Centroidy,273.18666666666707
Ellipse,Area,276.2293657609856,Perimeter,171.99344909832746,Centroidx,129.761,Centroidy,447.159
Ellipse,Area,4639.797918614593,Perimeter,241.96106883582272,Centroidx,336.322,Centroidy,443.719
Square,Area,1207.43045361,Perimeter,138.9924,Centroidx,380.389,Centroidy,140.511
Circule,Area,3558.6493229618172,Perimeter,211.46939797255902,Centroidx,13.1969,Centroidy,443.886
Circule,Area,2643.6284538273053,Perimeter,182.26578098331905,Centroidx,5.58063,Centroidy,328.627
Ellipse,Area,1307.4985590604433,Perimeter,128.18270312403536,Centroidx,378.127,Centroidy,488.436
Ellipse,Area,4463.382908502163,Perimeter,237.27502907829026,Centroidx,37.5477,Centroidy,183.337
Ellipse,Area,3002.003383263628,Perimeter,200.19933175806568,Centroidx,218.073,Centroidy,3.85812
Equilateral Triangle,Area,180.27500766318204,Perimeter,61.2123,Centroidx,144.306,Centroidy,263.396
Equilateral Triangle,Area,2414.9949839757583,Perimeter,224.0418,Centroidx,180.195,Centroidy,9.57489
Ellipse,Area,6700.38582706329,Perimeter,290.18345521154134,Centroidx,176.031,Centroidy,488.244
Equilateral Triangle,Area,736.7660247211041,Perimeter,123.7473,Centroidx,454.5,Centroidy,85.1274
Circule,Area,12412.637739968506,Perimeter,394.94532044604085,Centroidx,464.461,Centroidy,243.647
Circule,Area,34.6802696970778,Perimeter,20.875946014957247,Centroidx,438.743,Centroidy,259.912
Ellipse,Area,5369.77174995151,Perimeter,260.99488442875924,Centroidx,496.599,Centroidy,402.559
Ellipse,Area,614.2520518106252,Perimeter,171.52441531712378,Centroidx,157.682,Centroidy,106.027
Polygon,Area,69596.19294358001,Perimeter,1046.617790320684,Centroidx,279.2134801413896,Centroidy,261.24009412176576
Circule,Area,3067.745595077675,Perimeter,196.34262934552416,Centroidx,377.228,Centroidy,322.656
Equilateral Triangle,Area,316.953617267471,Perimeter,81.16499999999999,Centroidx,250.761,Centroidy,31.3297
Ellipse,Area,2738.8900257298874,Perimeter,187.30166390397184,Centroidx,157.207,Centroidy,473.421
Ellipse,Area,3602.60683370002,Perimeter,214.29238057507126,Centroidx,99.7278,Centroidy,163.145
Polygon,Area,177648.578995151,Perimeter,1694.9514649935738,Centroidx,249.67818306285005,Centroidy,243.95849045122546
Ellipse,Area,4114.080342681755,Perimeter,242.05672086310574,Centroidx,159.138,Centroidy,26.8485
Square,Area,2807.728144,Perimeter,211.952,Centroidx,47.3296,Centroidy,130.662
Polygon,Area,54568.726645600014,Perimeter,1105.038577387525,Centroidx,219.63885369068333,Centroidy,216.28921123690094
Circule,Area,8443.582899866791,Perimeter,325.7379192430498,Centroidx,371.759,Centroidy,182.562
Circule,Area,435.17696516035494,Perimeter,73.94994947285015,Centroidx,404.853,Centroidy,14.149
Polygon,Area,133254.55776572,Perimeter,1458.3723724563768,Centroidx,241.82214040017578,Centroidy,252.57684732831314
Polygon,Area,59322.302882465,Perimeter,1049.2305452712442,Centroidx,251.4043663759287,Centroidy,218.10512981963475
Equilateral Triangle,Area,1251.3452443766205,Perimeter,161.2722,Centroidx,22.1896,Centroidy,316.289
Equilateral Triangle,Area,4328.170022675208,Perimeter,299.9322,Centroidx,147.356,Centroidy,226.994
Polygon,Area,149581.09409558502,Perimeter,1488.5454189320374,Centroidx,263.0214413656771,Centroidy,278.5263155714594
Equilateral Triangle,Area,781.2939179116352,Perimeter,127.4319,Centroidx,0.625836,Centroidy,339.548
Equilateral Triangle,Area,274.24977351226477,Perimeter,75.4995,Centroidx,111.596,Centroidy,278.333
Square,Area,5401.632617640001,Perimeter,293.9832,Centroidx,62.2313,Centroidy,73.7129
Equilateral Triangle,Area,513.8766897544403,Perimeter,103.3476,Centroidx,191.112,Centroidy,49.2648
Equilateral Triangle,Area,2198.425844109413,Perimeter,213.7602,Centroidx,478.443,Centroidy,194.748
Square,Area,7273.923541290001,Perimeter,341.1492,Centroidx,44.9485,Centroidy,488.591
Polygon,Area,68392.47438494,Perimeter,1197.65172817893,Centroidx,255.13310000000007,Centroidy,268.3295333333333
Equilateral Triangle,Area,3808.699097146818,Perimeter,281.358,Centroidx,278.571,Centroidy,188.295
Equilateral Triangle,Area,71.53241594650683,Perimeter,38.5587,Centroidx,474.298,Centroidy,3.23706
Circule,Area,24784.056375349024,Perimeter,558.0731473022215,Centroidx,242.93,Centroidy,135.976
Ellipse,Area,1916.8313566224087,Perimeter,172.89395322177168,Centroidx,85.785,Centroidy,438.13
Polygon,Area,51522.032718385,Perimeter,1130.1205999755448,Centroidx,350.67904880558217,Centroidy,216.82180440007767
Equilateral Triangle,Area,3908.7459458147423,Perimeter,285.0294,Centroidx,123.028,Centroidy,237.636
Ellipse,Area,3285.7764485395373,Perimeter,204.14503142597673,Centroidx,347.6,Centroidy,248.326
Equilateral Triangle,Area,1327.9443496209535,Perimeter,166.13490000000002,Centroidx,43.418,Centroidy,219.238
Square,Area,8233.14872689,Perimeter,362.9468,Centroidx,225.93,Centroidy,357.951
Circule,Area,4390.833469755966,Perimeter,234.89751102743955,Centroidx,181.481,Centroidy,115.43
Ellipse,Area,3957.507988120252,Perimeter,226.46151161977235,Centroidx,339.418,Centroidy,495.634
Equilateral Triangle,Area,190.50239234646628,Perimeter,62.9247,Centroidx,339.521,Centroidy,489.246
Polygon,Area,117838.45677361499,Perimeter,1343.65090044778,Centroidx,238.8163455643531,Centroidy,219.86800846696644
Circule,Area,2301.2953189177524,Perimeter,170.05566697587693,Centroidx,178.261,Centroidy,419.928
Equilateral Triangle,Area,3217.459970387381,Perimeter,258.5994,Centroidx,29.5732,Centroidy,160.143
Square,Area,1249.0993747599998,Perimeter,141.3704,Centroidx,425.131,Centroidy,492.619
Equilateral Triangle,Area,1558.2326411187987,Perimeter,179.9646,Centroidx,104.653,Centroidy,335.574
Polygon,Area,91209.50363655,Perimeter,1222.3675007099926,Centroidx,219.72718443107095,Centroidy,305.13578378958334
Ellipse,Area,2369.612509127308,Perimeter,177.84198148553412,Centroidx,459.518,Centroidy,340.449
Ellipse,Area,1260.4077206962675,Perimeter,129.22451515303638,Centroidx,474.43,Centroidy,350.311
Square,Area,8675.432164,Perimeter,372.568,Centroidx,76.8178,Centroidy,117.69
Circule,Area,10577.247978738558,Perimeter,364.57868585644195,Centroidx,322.932,Centroidy,169.225
Equilateral Triangle,Area,909.9356843461567,Perimeter,137.5233,Centroidx,93.069,Centroidy,65.1998
Ellipse,Area,379.60498505607876,Perimeter,69.9320314445416,Centroidx,114.373,Centroidy,237.774
Equilateral Triangle,Area,3717.873438013407,Perimeter,277.983,Centroidx,45.8741,Centroidy,396.959
Ellipse,Area,216.00443268764957,Perimeter,63.381059766989495,Centroidx,1.7315,Centroidy,469.872
Ellipse,Area,4346.598473542652,Perimeter,247.39321783743446,Centroidx,157.133,Centroidy,461.302
Square,Area,80.9688629929,Perimeter,35.99308,Centroidx,366.795,Centroidy,268.573
Equilateral Triangle,Area,2262.8255710285466,Perimeter,216.8685,Centroidx,499.313,Centroidy,265.63
Ellipse,Area,37.9128799443947,Perimeter,40.606544766461504,Centroidx,442.384,Centroidy,276.135
Circule,Area,8789.071320972578,Perimeter,332.3352638155884,Centroidx,103.472,Centroidy,325.408
Ellipse,Area,3456.896078448078,Perimeter,211.76846583683835,Centroidx,281.932,Centroidy,453.624
Ellipse,Area,2524.4668556917727,Perimeter,183.70589793656364,Centroidx,499.345,Centroidy,299.135
Circule,Area,7303.095989352209,Perimeter,302.94126631154086,Centroidx,255.162,Centroidy,43.397
Circule,Area,10866.819315699104,Perimeter,369.53549074527587,Centroidx,322.938,Centroidy,290.739
Polygon,Area,16775.3286275,Perimeter,575.1700482869413,Centroidx,310.10465321388284,Centroidy,318.9123985535825
Square,Area,5328.45981369,Perimeter,291.9852,Centroidx,496.984,Centroidy,311.564
Ellipse,Area,827.1197780894026,Perimeter,177.7592076675464,Centroidx,172.56,Centroidy,207.514
Square,Area,2801.4896268099997,Perimeter,211.7164,Centroidx,39.1447,Centroidy,115.313
Square,Area,126.45452304000001,Perimeter,44.9808,Centroidx,100.102,Centroidy,22.7101
Equilateral Triangle,Area,1836.1778644192734,Perimeter,195.3567,Centroidx,44.8053,Centroidy,23.2052
Equilateral Triangle,Area,727.5890233490657,Perimeter,122.9742,Centroidx,439.027,Centroidy,403.864
Polygon,Area,75424.19304779998,Perimeter,1122.0191141472383,Centroidx,342.28674616879744,Centroidy,258.97846660650896
Circule,Area,5868.232868147467,Perimeter,271.55549906511743,Centroidx,499.928,Centroidy,120.341
Ellipse,Area,1878.839805763013,Perimeter,195.47048942411809,Centroidx,422.421,Centroidy,410.634
Circule,Area,893.5788154432897,Perimeter,105.96717684264517,Centroidx,216.198,Centroidy,324.356
Ellipse,Area,1882.972815031975,Perimeter,167.04307065299128,Centroidx,465.227,Centroidy,356.088
Ellipse,Area,369.4530561205942,Perimeter,72.56800070039608,Centroidx,1.83538,Centroidy,345.9
Ellipse,Area,2466.8240881359893,Perimeter,179.75371867277275,Centroidx,372.981,Centroidy,410.11
Circule,Area,1056.0701120225467,Perimeter,115.19968933301483,Centroidx,469.903,Centroidy,177.643
Ellipse,Area,71.60354389005668,Perimeter,163.06296637898276,Centroidx,165.878,Centroidy,112.01
Square,Area,8220.12409201,Perimeter,362.6596,Centroidx,355.301,Centroidy,385.92
Ellipse,Area,236.01381073229643,Perimeter,167.9851968825241,Centroidx,462.123,Centroidy,4.74592
Square,Area,2722.126276,Perimeter,208.696,Centroidx,370.825,Centroidy,153.082
Square,Area,2675.0308084900003,Perimeter,206.8828,Centroidx,32.3166,Centroidy,91.269
Equilateral Triangle,Area,361.6790644188932,Perimeter,86.7027,Centroidx,177.786,Centroidy,44.6286
Ellipse,Area,4641.1026727175185,Perimeter,241.50027224478796,Centroidx,411.822,Centroidy,457.751
Square,Area,63.4461633961,Perimeter,31.86124,Centroidx,410.734,Centroidy,121.158
Equilateral Triangle,Area,1126.0231305945351,Perimeter,152.9835,Centroidx,66.4033,Centroidy,333.706
Ellipse,Area,132.18787143326458,Perimeter,174.3580945763565,Centroidx,135.732,Centroidy,315.83
Circule,Area,31006.599610485475,Perimeter,624.2118408011861,Centroidx,75.1262,Centroidy,210.342
Circule,Area,11804.283963302614,Perimeter,385.14543632243283,Centroidx,50.618,Centroidy,291.049
Equilateral Triangle,Area,506.3386655215798,Perimeter,102.5868,Centroidx,367.516,Centroidy,334.023
Circule,Area,12119.522723785414,Perimeter,390.25429429570056,Centroidx,322.936,Centroidy,283.356
Equilateral Triangle,Area,4015.867421967006,Perimeter,288.90869999999995,Centroidx,61.318,Centroidy,322.268
Ellipse,Area,4229.632021239306,Perimeter,232.38311342152363,Centroidx,368.679,Centroidy,422.122
Equilateral Triangle,Area,1062.0227493149623,Perimeter,148.57229999999998,Centroidx,382.699,Centroidy,439.186
Equilateral Triangle,Area,0.11893755640814703,Perimeter,1.572282,Centroidx,219.59,Centroidy,394.946
Circule,Area,11926.961759704614,Perimeter,387.1416042945238,Centroidx,61.5723,Centroidy,117.7
Equilateral Triangle,Area,972.3256311596558,Perimeter,142.15980000000002,Centroidx,296.78,Centroidy,230.903
Square,Area,2019.8912262399997,Perimeter,179.7728,Centroidx,143.829,Centroidy,283.744
Equilateral Triangle,Area,42.4271440281943,Perimeter,29.69565,Centroidx,26.4501,Centroidy,15.6155
Ellipse,Area,1317.6528173926324,Perimeter,202.32701404324246,Centroidx,171.188,Centroidy,192.097
Circule,Area,19178.147027721392,Perimeter,490.91720610202475,Centroidx,314.435,Centroidy,95.5094
Equilateral Triangle,Area,575.0492529708266,Perimeter,109.326,Centroidx,445.409,Centroidy,324.701
Equilateral Triangle,Area,1608.2938347172158,Perimeter,182.8326,Centroidx,199.829,Centroidy,97.1591
Circule,Area,16273.532763506679,Perimeter,452.215926202452,Centroidx,330.129,Centroidy,90.3671
Ellipse,Area,780.2632566605075,Perimeter,167.4997858474781,Centroidx,193.961,Centroidy,359.916
Square,Area,696.5007156900001,Perimeter,105.5652,Centroidx,239.65,Centroidy,247.747
Ellipse,Area,2878.6166576081055,Perimeter,198.74449406097432,Centroidx,447.825,Centroidy,42.355
Equilateral Triangle,Area,2456.199263993486,Perimeter,225.945,Centroidx,110.563,Centroidy,445.16
Polygon,Area,183687.9426175463,Perimeter,1677.35022513002,Centroidx,249.4662542708156,Centroidy,242.6012984100717
Circule,Area,18122.400406625362,Perimeter,477.2135789470661,Centroidx,272.921,Centroidy,371.222
Polygon,Area,164911.2074309,Perimeter,1528.7145785743094,Centroidx,265.49934309813676,Centroidy,284.0720731279239
Equilateral Triangle,Area,1489.7763654458436,Perimeter,175.96710000000002,Centroidx,286.517,Centroidy,435.412
Polygon,Area,63668.7306996,Perimeter,1210.0480020766283,Centroidx,289.72446029682396,Centroidy,299.07399250714286
Equilateral Triangle,Area,3816.085669267908,Perimeter,281.63070000000005,Centroidx,232.58,Centroidy,390.187
Polygon,Area,150424.18470216,Perimeter,1520.3831868308305,Centroidx,233.8500480707161,Centroidy,275.01912956079
Circule,Area,1647.0509769127536,Perimeter,143.86609397849097,Centroidx,288.721,Centroidy,386.897
Square,Area,1704.9962305600002,Perimeter,165.1664,Centroidx,403.209,Centroidy,429.924
Equilateral Triangle,Area,1242.4133165588019,Perimeter,160.69559999999998,Centroidx,2.94028,Centroidy,180.314
Ellipse,Area,3440.653607747639,Perimeter,210.66871220246892,Centroidx,338.178,Centroidy,449.087
Ellipse,Area,5270.513792937391,Perimeter,262.6752994741521,Centroidx,121.777,Centroidy,351.517
Ellipse,Area,793.430366332307,Perimeter,138.07665520886903,Centroidx,35.8415,Centroidy,105.683
Circule,Area,3.213247969965453,Perimeter,6.354436628563002,Centroidx,250.655,Centroidy,426.403
Equilateral Triangle,Area,56.6055517881228,Perimeter,34.3005,Centroidx,58.601,Centroidy,16.027
Ellipse,Area,926.4622892947939,Perimeter,200.30364200310433,Centroidx,425.145,Centroidy,207.539
Circule,Area,1131.2039336161092,Perimeter,119.22721111491695,Centroidx,295.221,Centroidy,91.3563
Square,Area,30.331014169600003,Perimeter,22.02944,Centroidx,80.4496,Centroidy,468.102
Equilateral Triangle,Area,2495.3913550342686,Perimeter,227.7405,Centroidx,5.48359,Centroidy,284.68
Equilateral Triangle,Area,1484.3358681816628,Perimeter,175.6455,Centroidx,120.929,Centroidy,31.8005
Circule,Area,130.7054032508986,Perimeter,40.52767620466362,Centroidx,10.4677,Centroidy,145.605
Square,Area,4102.402499999999,Perimeter,256.2,Centroidx,229.853,Centroidy,418.575
Polygon,Area,33471.16544845,Perimeter,897.6290942031005,Centroidx,209.75358588035786,Centroidy,296.62808745740193
Circule,Area,14092.002886928938,Perimeter,420.81507931129136,Centroidx,497.087,Centroidy,238.079
Square,Area,3003.1386408099997,Perimeter,219.2036,Centroidx,431.261,Centroidy,4.26044
Polygon,Area,114528.83647156498,Perimeter,1308.9753959431075,Centroidx,205.21642176414537,Centroidy,190.4833005966045
Polygon,Area,168825.13230756996,Perimeter,1573.3499103276586,Centroidx,264.59019696361054,Centroidy,238.61109313624303
Polygon,Area,106220.96341275002,Perimeter,1335.9147603741776,Centroidx,258.1911846162322,Centroidy,263.42537464559143
Square,Area,48.104766777600005,Perimeter,27.74304,Centroidx,92.8995,Centroidy,298.439
Circule,Area,6306.653328011609,Perimeter,281.5168610511199,Centroidx,403.592,Centroidy,61.7371
Square,Area,4216.09969225,Perimeter,259.726,Centroidx,395.805,Centroidy,120.929
Polygon,Area,100651.47228900001,Perimeter,1333.3765289998016,Centroidx,306.784159539238,Centroidy,316.37600566878496
Ellipse,Area,3148.8448354107095,Perimeter,206.16242014942924,Centroidx,424.242,Centroidy,436.504
Equilateral Triangle,Area,1694.85672420915,Perimeter,187.6884,Centroidx,435.861,Centroidy,213.047
Polygon,Area,79612.28172424999,Perimeter,1360.0326650937611,Centroidx,248.35347994838915,Centroidy,163.6989313579804
Ellipse,Area,444.68765496736904,Perimeter,99.40816994843809,Centroidx,146.792,Centroidy,391.376
Circule,Area,20770.624068498306,Perimeter,510.89270883061005,Centroidx,450.047,Centroidy,354.125
Equilateral Triangle,Area,1532.2673585381883,Perimeter,178.4589,Centroidx,95.17,Centroidy,3.78347
Polygon,Area,81435.60925175002,Perimeter,1278.528274086087,Centroidx,267.15861381142435,Centroidy,189.24205996628785
Polygon,Area,96788.970954275,Perimeter,1310.5812651816905,Centroidx,215.77748022817389,Centroidy,242.34698735807694
Polygon,Area,82481.37825105002,Perimeter,1215.231706566506,Centroidx,299.3663298932772,Centroidy,349.8078637408225
Square,Area,7131.160694440001,Perimeter,337.7848,Centroidx,182.398,Centroidy,102.285
Polygon,Area,166260.4328774825,Perimeter,1567.0941663018248,Centroidx,268.8202249870348,Centroidy,235.55740071906538
Ellipse,Area,2272.917761599961,Perimeter,191.05213671735322,Centroidx,369.644,Centroidy,162.832
Polygon,Area,122534.06460518001,Perimeter,1412.1580954544181,Centroidx,225.64072433500783,Centroidy,306.2274741019361
Ellipse,Area,74.41439015193932,Perimeter,122.39217002304969,Centroidx,0.107303,Centroidy,31.8463
Ellipse,Area,4589.739954908119,Perimeter,247.8693121226293,Centroidx,258.115,Centroidy,38.9504
Equilateral Triangle,Area,952.0732506698848,Perimeter,140.6715,Centroidx,389.986,Centroidy,232.453
Circule,Area,5955.698538987251,Perimeter,273.57177323019135,Centroidx,14.9151,Centroidy,168.498
Ellipse,Area,219.2414621194186,Perimeter,73.40158838210931,Centroidx,348.93,Centroidy,144.578
Polygon,Area,185719.0475548,Perimeter,1643.5995731636967,Centroidx,233.1677749005794,Centroidy,265.47609976273196
Square,Area,1273.96169476,Perimeter,142.7704,Centroidx,499.807,Centroidy,341.629
Polygon,Area,109852.36380191,Perimeter,1322.42795801227,Centroidx,222.7890784906778,Centroidy,237.4510100217945
Ellipse,Area,2672.281755392478,Perimeter,183.5035945383462,Centroidx,114.162,Centroidy,68.9237
Ellipse,Area,4419.932253651895,Perimeter,236.6056844098434,Centroidx,294.893,Centroidy,78.4714
Square,Area,2096.7973646399996,Perimeter,183.1632,Centroidx,224.732,Centroidy,12.74
Polygon,Area,32636.887511890003,Perimeter,900.9319920455848,Centroidx,213.21763333333328,Centroidy,266.48573333333337
Square,Area,5095.261437210001,Perimeter,285.5244,Centroidx,399.066,Centroidy,315.757
Ellipse,Area,3810.9416912661786,Perimeter,218.85020269542395,Centroidx,253.247,Centroidy,341.241
Ellipse,Area,3278.227393721263,Perimeter,222.2749585375623,Centroidx,276.246,Centroidy,260.52
Circule,Area,19791.116430648897,Perimeter,498.7008160605588,Centroidx,103.291,Centroidy,365.011
Equilateral Triangle,Area,2033.1447655469324,Perimeter,205.56779999999998,Centroidx,374.044,Centroidy,372.706
Polygon,Area,55113.53915199999,Perimeter,944.6106814184,Centroidx,330.3438741552723,Centroidy,291.41962917257746
Square,Area,323.48900164,Perimeter,71.9432,Centroidx,43.8606,Centroidy,208.093
Ellipse,Area,2126.2843374560125,Perimeter,208.8236431497732,Centroidx,199.986,Centroidy,402.781
Circule,Area,23710.161317114394,Perimeter,545.848581968573,Centroidx,481.188,Centroidy,198.505
Equilateral Triangle,Area,347.3619206655834,Perimeter,84.9693,Centroidx,478.624,Centroidy,477.693
Polygon,Area,69485.09051433299,Perimeter,1257.9494856190188,Centroidx,264.58006,Centroidy,274.1202333333334
Ellipse,Area,5064.328542121446,Perimeter,256.0608656446799,Centroidx,397.172,Centroidy,160.917
Circule,Area,5113.63013104834,Perimeter,253.4951112181604,Centroidx,27.3183,Centroidy,17.7432
Circule,Area,1686.9245334716338,Perimeter,145.59711153061895,Centroidx,309.917,Centroidy,166.521
Polygon,Area,128722.95868186996,Perimeter,1432.5484075336642,Centroidx,249.6965814157474,Centroidy,289.093489323122
Circule,Area,17866.379283508413,Perimeter,473.8307119776805,Centroidx,124.908,Centroidy,47.6993
Square,Area,16.1113129321,Perimeter,16.05556,Centroidx,366.745,Centroidy,109.961
Ellipse,Area,3866.9872124213066,Perimeter,240.10530287955928,Centroidx,427.192,Centroidy,6.44849
Circule,Area,18172.494681173885,Perimeter,477.8726850857892,Centroidx,350.964,Centroidy,10.5252
Equilateral Triangle,Area,1415.416055923065,Perimeter,171.5193,Centroidx,321.039,Centroidy,226.349
Equilateral Triangle,Area,2202.142190086027,Perimeter,213.94079999999997,Centroidx,51.8949,Centroidy,433.383
Ellipse,Area,3453.5717487746065,Perimeter,210.85820510028452,Centroidx,111.191,Centroidy,319.196
Equilateral Triangle,Area,2804.476131266337,Perimeter,241.4331,Centroidx,240.881,Centroidy,418.411
Circule,Area,17649.976715194138,Perimeter,470.95238478846164,Centroidx,165.555,Centroidy,476.035
Circule,Area,1696.7082443935178,Perimeter,146.0187132647307,Centroidx,273.701,Centroidy,111.165
Circule,Area,740.5675176355993,Perimeter,96.46888561378178,Centroidx,363.605,Centroidy,26.2837
Circule,Area,9911.094272260314,Perimeter,352.9114390595401,Centroidx,78.4867,Centroidy,79.7296
Equilateral Triangle,Area,205.06251237862483,Perimeter,65.2851,Centroidx,184.372,Centroidy,123.729
Circule,Area,14597.564276332601,Perimeter,428.2970963750808,Centroidx,78.3682,Centroidy,32.9151
Equilateral Triangle,Area,2715.865303056613,Perimeter,237.5883,Centroidx,302.715,Centroidy,374.361
Polygon,Area,129849.56054522,Perimeter,1441.1049240438042,Centroidx,206.8114780765436,Centroidy,252.2760289401399
Polygon,Area,126058.78399947497,Perimeter,1462.8097999976687,Centroidx,275.0961694953864,Centroidy,278.03730495888425
Ellipse,Area,1681.5998420826227,Perimeter,159.98758540921864,Centroidx,247.036,Centroidy,485.031
Circule,Area,22722.206774042417,Perimeter,534.3553794046801,Centroidx,239.943,Centroidy,29.4662
Ellipse,Area,4529.739168099466,Perimeter,238.61199903128244,Centroidx,18.4319,Centroidy,365.827
Equilateral Triangle,Area,1574.5932665771677,Perimeter,180.9069,Centroidx,360.978,Centroidy,205.284
Ellipse,Area,32.53370931658908,Perimeter,181.63399011067258,Centroidx,249.242,Centroidy,262.298
Square,Area,426.19538025,Perimeter,82.578,Centroidx,172.99,Centroidy,183.494
Polygon,Area,61781.411554440005,Perimeter,1270.188384376369,Centroidx,234.54822065238466,Centroidy,237.2310030916134
Equilateral Triangle,Area,1848.1020654890388,Perimeter,195.99,Centroidx,328.146,Centroidy,301.134
Equilateral Triangle,Area,362.5831725060561,Perimeter,86.811,Centroidx,215.129,Centroidy,141.7
Ellipse,Area,915.6856548015148,Perimeter,176.04433512944908,Centroidx,497.118,Centroidy,145.124
Ellipse,Area,2275.1467544173265,Perimeter,173.49846661343207,Centroidx,212.954,Centroidy,18.4201
Ellipse,Area,875.1788465003888,Perimeter,111.74207170111863,Centroidx,46.0477,Centroidy,266.237
Ellipse,Area,1527.3638217107864,Perimeter,180.74229138772756,Centroidx,208.368,Centroidy,182.691
Equilateral Triangle,Area,33.22926588486421,Perimeter,26.28036,Centroidx,281.08,Centroidy,22.124
Equilateral Triangle,Area,901.4756151288066,Perimeter,136.8825,Centroidx,136.334,Centroidy,483.409
Circule,Area,3494.548180535413,Perimeter,209.55616804652286,Centroidx,201.028,Centroidy,202.759
Circule,Area,2230.225220180894,Perimeter,167.40918932449287,Centroidx,282.149,Centroidy,477.168
Square,Area,6376.517579609999,Perimeter,319.4124,Centroidx,243.382,Centroidy,190.55
Circule,Area,101.14058795463018,Perimeter,35.65066776923083,Centroidx,76.118,Centroidy,203.372
Circule,Area,30312.16377674461,Perimeter,617.1822130795135,Centroidx,119.243,Centroidy,419.58
Ellipse,Area,2539.855980103609,Perimeter,182.72728170839378,Centroidx,432.491,Centroidy,483.537
Ellipse,Area,1332.4156862822488,Perimeter,179.15167830393588,Centroidx,455.022,Centroidy,384.156
Equilateral Triangle,Area,1039.9393446291108,Perimeter,147.0195,Centroidx,360.882,Centroidy,350.353
Polygon,Area,63578.00559,Perimeter,1037.4636894003775,Centroidx,186.85154265664343,Centroidy,237.27172674096852
Ellipse,Area,698.7782326734617,Perimeter,108.15705142673288,Centroidx,271.712,Centroidy,314.162
Equilateral Triangle,Area,1881.7933374915656,Perimeter,197.76839999999999,Centroidx,443.419,Centroidy,99.0519
Square,Area,2214.3894832899996,Perimeter,188.2292,Centroidx,50.0798,Centroidy,202.668
Circule,Area,27757.813339603195,Perimeter,590.6055958672054,Centroidx,125.912,Centroidy,374.163
Circule,Area,20356.232080924798,Perimeter,505.7706561681973,Centroidx,114.107,Centroidy,115.501
Circule,Area,2584.777973138233,Perimeter,180.22563071407782,Centroidx,410.98,Centroidy,55.3826
Polygon,Area,188649.601488381,Perimeter,1685.890898981592,Centroidx,236.8254979697676,Centroidy,263.46428879940515
Ellipse,Area,1294.7812119226207,Perimeter,147.4967849837269,Centroidx,382.552,Centroidy,164.346
Ellipse,Area,1121.2486054986207,Perimeter,139.70041998465888,Centroidx,444.608,Centroidy,2.33868
Circule,Area,537.0729355898515,Perimeter,82.15264789137308,Centroidx,191.109,Centroidy,455.713
Polygon,Area,156317.02566600248,Perimeter,1579.4585115417626,Centroidx,259.1959532102975,Centroidy,227.70002421802155
Equilateral Triangle,Area,428.3511445307278,Perimeter,94.3563,Centroidx,268.251,Centroidy,498.157
Equilateral Triangle,Area,2618.1612120562277,Perimeter,233.2755,Centroidx,142.627,Centroidy,276.936
Equilateral Triangle,Area,1163.3937688342714,Perimeter,155.5014,Centroidx,58.9117,Centroidy,248.169
Circule,Area,10205.029037283532,Perimeter,358.1063766715162,Centroidx,181.982,Centroidy,404.552
Ellipse,Area,423.4182389144511,Perimeter,99.63719623938972,Centroidx,138.115,Centroidy,297.609
Circule,Area,9832.023991246586,Perimeter,351.5008639580783,Centroidx,274.513,Centroidy,370.813
Circule,Area,23.717188790174745,Perimeter,17.263805613712773,Centroidx,303.572,Centroidy,132.629
Circule,Area,4543.601555544926,Perimeter,238.94890891350894,Centroidx,247.548,Centroidy,57.1366
Equilateral Triangle,Area,265.5046151016056,Perimeter,74.286,Centroidx,199.584,Centroidy,362.106
Ellipse,Area,2847.620566477266,Perimeter,216.38588615548298,Centroidx,40.1507,Centroidy,64.6184
Square,Area,64.82343168999999,Perimeter,32.2052,Centroidx,312.045,Centroidy,432.814
Ellipse,Area,4.5256008190340555,Perimeter,152.09347092603488,Centroidx,332.117,Centroidy,234.698
Polygon,Area,78992.598017195,Perimeter,1190.1633170436485,Centroidx,223.224247885827,Centroidy,189.8760694154832
Circule,Area,23952.698499875427,Perimeter,548.633289696715,Centroidx,70.919,Centroidy,440.559
Equilateral Triangle,Area,1438.0242963562443,Perimeter,172.88369999999998,Centroidx,41.6123,Centroidy,286.751
Equilateral Triangle,Area,763.1689240241498,Perimeter,125.9451,Centroidx,335.82,Centroidy,401.392
Circule,Area,4384.728258185885,Perimeter,234.73414820945285,Centroidx,15.1339,Centroidy,168.077
Equilateral Triangle,Area,136.0159419908538,Perimeter,53.1699,Centroidx,296.489,Centroidy,373.648
Circule,Area,18263.97878714722,Perimeter,479.0740301165219,Centroidx,274.165,Centroidy,244.325
Ellipse,Area,1331.8783390070805,Perimeter,145.00635486964012,Centroidx,289.758,Centroidy,87.2975
Circule,Area,9652.46116244083,Perimeter,348.2763332584338,Centroidx,275.603,Centroidy,352.218
Circule,Area,1114.0530308105083,Perimeter,118.31991915656022,Centroidx,165.068,Centroidy,172.86
Square,Area,7516.42182729,Perimeter,346.7892,Centroidx,124.574,Centroidy,438.289
Circule,Area,14438.54471499616,Perimeter,425.95786648521783,Centroidx,3.41649,Centroidy,73.1877
Polygon,Area,145980.59225918792,Perimeter,1456.2197871071364,Centroidx,215.01608484064786,Centroidy,193.27328062146373
Ellipse,Area,20.66568326672028,Perimeter,35.613609289878525,Centroidx,488.443,Centroidy,199.849
Equilateral Triangle,Area,2887.7655610002066,Perimeter,244.99200000000002,Centroidx,489.147,Centroidy,279.98
Ellipse,Area,174.82190148209648,Perimeter,47.04739056686099,Centroidx,244.506,Centroidy,457.973
Ellipse,Area,4699.218412325175,Perimeter,244.96336283333926,Centroidx,288.149,Centroidy,308.367
Equilateral Triangle,Area,3386.9815862513115,Perimeter,265.3245,Centroidx,384.623,Centroidy,235.674
Ellipse,Area,3556.3614173968,Perimeter,218.26051911866685,Centroidx,367.223,Centroidy,338.853
Polygon,Area,160317.47046460997,Perimeter,1575.8788122048472,Centroidx,219.3071544216316,Centroidy,246.17361850111294
Circule,Area,7483.078249836954,Perimeter,306.65148723543047,Centroidx,42.0246,Centroidy,113.649
Ellipse,Area,215.8090570405228,Perimeter,167.53232786806404,Centroidx,192.244,Centroidy,254.164
Equilateral Triangle,Area,4077.451325807402,Perimeter,291.1155,Centroidx,220.989,Centroidy,426.055
Circule,Area,10010.758725382835,Perimeter,354.6814123605726,Centroidx,334.107,Centroidy,320.121
Ellipse,Area,1484.7638187621803,Perimeter,136.7660444319551,Centroidx,175.787,Centroidy,85.217
Polygon,Area,129456.389198325,Perimeter,1355.4231571875353,Centroidx,274.92228015793813,Centroidy,237.38718881795114
Circule,Area,22.28685321543511,Perimeter,16.735138401966683,Centroidx,370.276,Centroidy,5.03153
Circule,Area,2495.131814854842,Perimeter,177.07272832693508,Centroidx,381.779,Centroidy,11.2414
Ellipse,Area,147.99428628584923,Perimeter,43.904130133957956,Centroidx,368.62,Centroidy,44.6712
Circule,Area,3675.5639514270865,Perimeter,214.9150967950163,Centroidx,34.3846,Centroidy,264.105
Polygon,Area,138398.75826315,Perimeter,1422.2696327921021,Centroidx,265.30446347247545,Centroidy,283.22424290688423
Equilateral Triangle,Area,1755.6965511296485,Perimeter,191.0274,Centroidx,318.083,Centroidy,252.896
Circule,Area,107.07032650541514,Perimeter,36.680858832195995,Centroidx,227.459,Centroidy,126.444
Ellipse,Area,43.032972466305814,Perimeter,31.205872467391234,Centroidx,300.863,Centroidy,215.352
Circule,Area,24050.674664844402,Perimeter,549.7542099555158,Centroidx,369.129,Centroidy,152.861
Square,Area,19.146050384399995,Perimeter,17.50248,Centroidx,24.8854,Centroidy,307.495
Equilateral Triangle,Area,51.20580891734209,Perimeter,32.6235,Centroidx,431.572,Centroidy,175.571
Circule,Area,730.6166415004762,Perimeter,95.81857593448869,Centroidx,341.876,Centroidy,178.181
Equilateral Triangle,Area,125.14655988887912,Perimeter,51.0012,Centroidx,271.497,Centroidy,280.91
Ellipse,Area,1959.4819729848587,Perimeter,178.26680846898608,Centroidx,91.6657,Centroidy,195.829
Circule,Area,22009.182008393283,Perimeter,525.9044951665235,Centroidx,23.6028,Centroidy,58.9492
Circule,Area,3871.7528016971737,Perimeter,220.57624675678514,Centroidx,484.089,Centroidy,340.73
Equilateral Triangle,Area,0.6600247429690593,Perimeter,3.70383,Centroidx,411.198,Centroidy,271.815
Polygon,Area,77654.21347309998,Perimeter,1248.780181406482,Centroidx,260.8744362610027,Centroidy,220.364272070105
Polygon,Area,118588.70992729999,Perimeter,1390.1386716799207,Centroidx,264.1428131214021,Centroidy,265.03728028257245
Ellipse,Area,306.42344802222766,Perimeter,112.01284553751006,Centroidx,14.2279,Centroidy,289.3
Circule,Area,29910.912552030044,Perimeter,613.0836913036403,Centroidx,34.5528,Centroidy,79.6842
Equilateral Triangle,Area,4104.682871848884,Perimeter,292.086,Centroidx,291.172,Centroidy,117.544
Square,Area,9865.95225625,Perimeter,397.31,Centroidx,496.136,Centroidy,282.922
Circule,Area,9624.619161973136,Perimeter,347.77367843385935,Centroidx,265.738,Centroidy,209.685
Equilateral Triangle,Area,38.78041652851682,Perimeter,28.39077,Centroidx,263.072,Centroidy,227.713
Polygon,Area,92640.58396676001,Perimeter,1166.64142923553,Centroidx,230.57201338632038,Centroidy,265.0707836514698
Ellipse,Area,397.9499042730345,Perimeter,113.81948045789022,Centroidx,206.856,Centroidy,228.561
Polygon,Area,99027.197147444,Perimeter,1399.7918921139149,Centroidx,234.64684037298932,Centroidy,250.54278515536762
Circule,Area,6693.267667030107,Perimeter,290.0173824532032,Centroidx,370.05,Centroidy,49.2004
Polygon,Area,48912.91914772001,Perimeter,1059.4480085681457,Centroidx,195.37091713336753,Centroidy,225.57589329914387
Square,Area,6546.897386409999,Perimeter,323.6516,Centroidx,282.194,Centroidy,435.325
Circule,Area,1465.904333145909,Perimeter,135.72434245744768,Centroidx,78.9188,Centroidy,414.485
Ellipse,Area,392.4047693821223,Perimeter,80.84374682611355,Centroidx,344.62,Centroidy,72.1894
Ellipse,Area,7051.89409515835,Perimeter,298.13572183924714,Centroidx,309.056,Centroidy,452.057
Polygon,Area,44725.90801799997,Perimeter,975.3709293921416,Centroidx,298.4313333333332,Centroidy,342.2226666666668
Circule,Area,17664.4379143268,Perimeter,471.145278577392,Centroidx,39.7498,Centroidy,444.7
Equilateral Triangle,Area,6.7703871924863686,Perimeter,11.86254,Centroidx,404.651,Centroidy,148.665
Ellipse,Area,2286.169349511889,Perimeter,178.03896326563654,Centroidx,16.1,Centroidy,368.381
Circule,Area,14672.097208012587,Perimeter,429.3891139814686,Centroidx,141.681,Centroidy,449.922
Ellipse,Area,1086.7280081909537,Perimeter,139.718067411771,Centroidx,453.18,Centroidy,375.956
Circule,Area,10006.254778153336,Perimeter,354.60161590717144,Centroidx,104.829,Centroidy,129.312
Circule,Area,18862.568979378906,Perimeter,486.8614099862403,Centroidx,401.956,Centroidy,3.09269
Polygon,Area,115479.09192714999,Perimeter,1359.6794048646564,Centroidx,238.17013112989736,Centroidy,260.98339339471465
Ellipse,Area,151.9729989004136,Perimeter,45.967659669402416,Centroidx,281.517,Centroidy,333.463
Polygon,Area,103117.69548550002,Perimeter,1259.8709924010197,Centroidx,312.31168325871204,Centroidy,241.26524947469596
Ellipse,Area,2501.5440550603557,Perimeter,184.2792856208845,Centroidx,65.1816,Centroidy,168.475
Ellipse,Area,1384.9359317274286,Perimeter,135.06013109981623,Centroidx,299.823,Centroidy,219.084
Equilateral Triangle,Area,426.5987927366946,Perimeter,94.1631,Centroidx,207.68,Centroidy,176.277
Square,Area,7974.382840360001,Perimeter,357.1976,Centroidx,339.955,Centroidy,271.506
Square,Area,1606.2380684099999,Perimeter,160.3116,Centroidx,158.68,Centroidy,211.847
Ellipse,Area,1483.5948363769296,Perimeter,146.18211124683282,Centroidx,251.753,Centroidy,98.0809
Circule,Area,14365.075490366116,Perimeter,424.8727603826679,Centroidx,347.823,Centroidy,318.296
Square,Area,2.4744548416,Perimeter,6.29216,Centroidx,115.579,Centroidy,175.557
Square,Area,336.70048036,Perimeter,73.3976,Centroidx,442.802,Centroidy,356.759
Equilateral Triangle,Area,2876.0233428844763,Perimeter,244.4934,Centroidx,170.569,Centroidy,305.318
Equilateral Triangle,Area,614.4477511380269,Perimeter,113.00909999999999,Centroidx,44.5631,Centroidy,438.663
Ellipse,Area,1759.275773535546,Perimeter,164.58466604168586,Centroidx,128.785,Centroidy,174.27
Ellipse,Area,615.4016395924785,Perimeter,161.8184440929118,Centroidx,116.984,Centroidy,275.313
Ellipse,Area,1964.5332360143445,Perimeter,211.3005461913515,Centroidx,90.1831,Centroidy,369.326
Ellipse,Area,2501.6683744475868,Perimeter,182.87482874058963,Centroidx,441.048,Centroidy,467.125
Equilateral Triangle,Area,72.73287337588124,Perimeter,38.8809,Centroidx,360.831,Centroidy,219.732
Square,Area,9625.473990249999,Perimeter,392.438,Centroidx,452.811,Centroidy,494.079
Equilateral Triangle,Area,1055.7872717684584,Perimeter,148.1355,Centroidx,102.299,Centroidy,254.398
Equilateral Triangle,Area,1663.373451956565,Perimeter,185.937,Centroidx,481.466,Centroidy,15.1699
Polygon,Area,122865.54903949,Perimeter,1357.2240298936538,Centroidx,306.4845559263671,Centroidy,251.68300534017905
Equilateral Triangle,Area,316.274502229471,Perimeter,81.078,Centroidx,306.617,Centroidy,466.624
Circule,Area,3028.076023637757,Perimeter,195.06902768375886,Centroidx,389.273,Centroidy,247.287
Polygon,Area,199878.79695524648,Perimeter,1745.5592766383406,Centroidx,251.81828297513894,Centroidy,246.0149033442938
Ellipse,Area,2734.026643889758,Perimeter,189.64487161653082,Centroidx,171.832,Centroidy,385.976
Ellipse,Area,1329.0835155076738,Perimeter,144.08723892545558,Centroidx,479.992,Centroidy,309.716
Ellipse,Area,542.207786214806,Perimeter,161.628623818129,Centroidx,313.225,Centroidy,361.312
Circule,Area,19498.02603698097,Perimeter,494.99436504785353,Centroidx,77.8825,Centroidy,320.875
Equilateral Triangle,Area,1262.5528043195343,Perimeter,161.9928,Centroidx,342.262,Centroidy,275.329
Circule,Area,6487.739721214985,Perimeter,285.5299315068155,Centroidx,299.929,Centroidy,136.869
Ellipse,Area,6323.225411942908,Perimeter,282.711632312253,Centroidx,422.599,Centroidy,25.4345
Ellipse,Area,4551.476215424491,Perimeter,250.87758747762012,Centroidx,9.44166,Centroidy,291.296
Circule,Area,17772.49493138137,Perimeter,472.58412801273613,Centroidx,192.212,Centroidy,145.582
Ellipse,Area,260.9566488677596,Perimeter,80.18374828583721,Centroidx,391.477,Centroidy,436.239
Ellipse,Area,2277.828249359985,Perimeter,179.70618431181728,Centroidx,175.937,Centroidy,279.812
Ellipse,Area,4866.990652641848,Perimeter,255.3526086246806,Centroidx,493.625,Centroidy,317.421
Ellipse,Area,3778.5095556395795,Perimeter,226.23710096796793,Centroidx,398.35,Centroidy,453.778
Circule,Area,2923.8848529593492,Perimeter,191.68364744025052,Centroidx,462.553,Centroidy,316.47
Square,Area,2636.19606721,Perimeter,205.3756,Centroidx,44.4123,Centroidy,426.606
Equilateral Triangle,Area,423.8225499287544,Perimeter,93.8562,Centroidx,441.112,Centroidy,173.626
Polygon,Area,181812.81853480003,Perimeter,1647.3429704478046,Centroidx,259.2446479012807,Centroidy,233.6550296264941
Equilateral Triangle,Area,3587.275698610197,Perimeter,273.057,Centroidx,136.773,Centroidy,21.3117
Circule,Area,15.049234567707053,Perimeter,13.751882018117819,Centroidx,83.7211,Centroidy,297.157
Polygon,Area,140057.48435659957,Perimeter,1524.263367810021,Centroidx,189.84913833034977,Centroidy,211.8013894425479
Square,Area,71.24744227240001,Perimeter,33.76328,Centroidx,435.882,Centroidy,88.4726
Square,Area,8728.32405025,Perimeter,373.702,Centroidx,204.502,Centroidy,230.593
Polygon,Area,156822.34332931397,Perimeter,1537.7461475349048,Centroidx,251.75641152747286,Centroidy,269.36975337916346
Ellipse,Area,3948.3754239236087,Perimeter,229.2786089828517,Centroidx,73.1318,Centroidy,79.7392
Ellipse,Area,812.570039218503,Perimeter,102.28109287491638,Centroidx,130.265,Centroidy,432.115
Circule,Area,5762.238952989836,Perimeter,269.0918621061723,Centroidx,146.866,Centroidy,160.671
Circule,Area,13822.384261290505,Perimeter,416.76996461052914,Centroidx,97.5372,Centroidy,374.161
Square,Area,3188.45432896,Perimeter,225.8656,Centroidx,103.264,Centroidy,380.346
Equilateral Triangle,Area,332.41905858879016,Perimeter,83.1216,Centroidx,453.729,Centroidy,10.2172
Polygon,Area,137984.98787418753,Perimeter,1505.0363759204306,Centroidx,267.27035650696547,Centroidy,273.1282516387686
Ellipse,Area,1276.6104054505267,Perimeter,170.86879950640824,Centroidx,22.2834,Centroidy,466.66
Ellipse,Area,735.5414456301692,Perimeter,148.18865692952667,Centroidx,187.334,Centroidy,321.311
Circule,Area,25341.99795425888,Perimeter,564.3198901346195,Centroidx,440.068,Centroidy,272.315
Polygon,Area,78397.8637533,Perimeter,1320.0094595845733,Centroidx,220.17575011936378,Centroidy,210.8745154592071
Circule,Area,10778.238148277493,Perimeter,368.0262696344913,Centroidx,474.296,Centroidy,347.887
Ellipse,Area,489.20095315572263,Perimeter,131.00741079658334,Centroidx,30.131,Centroidy,24.8185
Equilateral Triangle,Area,3248.424788772403,Perimeter,259.8408,Centroidx,243.638,Centroidy,313.296
Ellipse,Area,4005.3030249392336,Perimeter,235.74736465475218,Centroidx,10.5413,Centroidy,274.872
Ellipse,Area,1690.4059458565455,Perimeter,197.58245092014553,Centroidx,145.028,Centroidy,357.923
Circule,Area,1434.9882069835007,Perimeter,134.28549302210354,Centroidx,257.236,Centroidy,81.6069
Polygon,Area,126724.09328295002,Perimeter,1385.0284968864958,Centroidx,301.7474729743106,Centroidy,291.5668441521693
Circule,Area,5.1358517565994735,Perimeter,8.033617901906746,Centroidx,473.946,Centroidy,379.315
Circule,Area,8867.744181122263,Perimeter,333.8193521851442,Centroidx,310.905,Centroidy,218.506
Circule,Area,7532.5921052467065,Perimeter,307.6643367069478,Centroidx,275.321,Centroidy,316.16
Equilateral Triangle,Area,177.11886177178462,Perimeter,60.674099999999996,Centroidx,351.426,Centroidy,228.928
Ellipse,Area,1598.3465477608156,Perimeter,184.95481386186327,Centroidx,447.043,Centroidy,424.81
Equilateral Triangle,Area,952.2113241137786,Perimeter,140.6817,Centroidx,185.791,Centroidy,251.464
Polygon,Area,160587.72223108003,Perimeter,1544.0591977277377,Centroidx,236.97491145881156,Centroidy,224.27079611111637
Circule,Area,104.83323203361842,Perimeter,36.295636741012814,Centroidx,48.9149,Centroidy,284.362
Circule,Area,12304.029430454553,Perimeter,393.21367457538213,Centroidx,258.805,Centroidy,227.569
